Workbook

Sheet 人脈マスター
A1: Noah Axice | 人脈管理 — 人脈マスター
A2: 全人脈の一元管理シート ｜ 更新日：2026-04-08
A3: No | B3: 氏名 | C3: 読み仮名 | D3: 関係分類 | E3: 業界・専門領域 | F3: 所属組織・会社名 | G3: 役職 | H3: 連絡先（メール） | I3: 連絡先（電話/SNS） | J3: 初めて会った日 | K3: きっかけ・出会いの場 | L3: 関係温度 | M3: 最終接触日 | N3: 提供できる価値（→自分へ） | O3: 提供できる価値（→相手へ） | P3: 関連プロジェクト | Q3: 次のアクション | R3: 期限 | S3: 重要度 | T3: 備考・メモ
A4: 1 | B4: 田中 一郎 | C4: たなか いちろう | D4: クライアント候補 | E4: IT・システム開発 | F4: 株式会社テックソリューション | G4: 取締役CTO | H4: tanaka@example.com | I4: @tanaka_tech | J4: 2026-03-15 | K4: スタートアップイベント | L4: 🔥熱い | M4: 2026-04-01 | N4: 最新のAI開発動向・エンジニア人材紹介 | O4: Noah Axiceのダンス事業テックサポート | P4: AIプロジェクト | Q4: 4月中に提案書送付 | R4: 2026-04-20 | S4: ★★★ | T4: スタートアップXで登壇していた。AI×文化に興味あり
A5: 2 | B5: 山田 花子 | C5: やまだ はなこ | D5: 専門家・実行者 | E5: ダンス・エンターテインメント | F5: フリーランス | G5: プロダンサー / 振付師 | H5: hanako@example.com | I5: @hanako_dance | J5: 2026-02-10 | K5: ダンスWSイベント | L5: 🌡️普通 | M5: 2026-03-20 | N5: ダンス指導・振付・生徒紹介 | O5: イベント出演機会・ブランディング支援 | P5: ダンス事業 | Q5: WSコラボ打診 | R5: 2026-04-30 | S5: ★★ | T5: バレエ・コンテンポラリー専門。SNSフォロワー5000人
A6: 3 | B6: 佐藤 健二 | C6: さとう けんじ | D6: パートナー企業 | E6: イベント・企画制作 | F6: 株式会社クリエイティブワークス | G6: 代表取締役 | H6: sato@cw.co.jp | I6: 090-0000-0000 | J6: 2025-11-05 | K6: 異業種交流会 | L6: ❄️冷めてる | M6: 2025-12-01 | N6: イベント会場・制作スタッフネットワーク | O6: Noah Axiceのイベントプロデュース実績 | P6: イベント事業（将来） | Q6: 近況確認のDM | R6: 2026-05-01 | S6: ★ | T6: 半年以上連絡なし。温め直し要

Sheet プロジェクト別人脈マップ
A1: Noah Axice | 人脈管理 — プロジェクト別人脈マップ
A2: プロジェクトごとの関係者を整理する
A3: プロジェクト名 | B3: フェーズ | C3: 関係者氏名 | D3: 役割 | E3: 貢献内容 | F3: ステータス | G3: 連絡先メモ | H3: 備考
A4: ダンスWS 春2026 | B4: 進行中 | C4: 山田 花子 | D4: 専門家・講師 | E4: ダンス指導・集客協力 | F4: 確定 | G4: @hanako_dance | H4: 4月開催予定
A5: ダンスWS 春2026 | B5: 進行中 | C5: 田中 一郎 | D5: ITサポート（検討） | E5: 予約システム相談 | F5: 検討中 | G5: tanaka@example.com | H5: 提案待ち
A6: AIプロジェクト（将来） | B6: 構想中 | C6: 田中 一郎 | D6: クライアント | E6: AI開発依頼元 | F6: 調整中 | G6: @tanaka_tech | H6: 提案書作成中

Sheet 接触ログ
A1: Noah Axice | 人脈管理 — 接触ログ
A2: 誰といつ何を話したかを記録する
A3: 日付 | B3: 相手氏名 | C3: 接触方法 | D3: 話した内容・トピック | E3: 相手の課題・ニーズ（メモ） | F3: フォローアップ事項 | G3: 期限 | H3: 完了
A4: 2026-04-01 | B4: 田中 一郎 | C4: 面談 | D4: AIプロジェクトの概要ヒアリング。予算感・スケジュール確認 | E4: 既存システムとのAI統合が課題。5月までに提案が欲しい | F4: 提案書作成・送付 | G4: 2026-04-20
A5: 2026-03-20 | B5: 山田 花子 | C5: 電話 | D5: 春WSのコラボ可否確認。日程・報酬条件の相談 | E5: 平日昼が稼働可能。1回3万円が希望ライン | F5: 正式依頼書の送付 | G5: 2026-04-10 | H5: ✓

Sheet ダッシュボード
A1: Noah Axice | 人脈管理 — ダッシュボード
A2: 人脈の全体像を把握する
A4: ■ 関係分類別 件数 | E4: ■ 関係温度別 件数
A5: 関係分類 | B5: 件数 | C5: 割合 | E5: 関係温度 | F5: 件数
A6: クライアント候補 | B6: =COUNTIF(人脈マスター!D:D,A6) | C6: =IFERROR(B6/SUM(B6:B12),0) | E6: 🔥熱い | F6: =COUNTIF(人脈マスター!L:L,E6)
A7: 専門家・実行者 | B7: =COUNTIF(人脈マスター!D:D,A7) | C7: =IFERROR(B7/SUM(B6:B12),0) | E7: 🌡️普通 | F7: =COUNTIF(人脈マスター!L:L,E7)
A8: パートナー企業 | B8: =COUNTIF(人脈マスター!D:D,A8) | C8: =IFERROR(B8/SUM(B6:B12),0) | E8: ❄️冷めてる | F8: =COUNTIF(人脈マスター!L:L,E8)
A9: 政府・行政 | B9: =COUNTIF(人脈マスター!D:D,A9) | C9: =IFERROR(B9/SUM(B6:B12),0) | E9: 💤休眠 | F9: =COUNTIF(人脈マスター!L:L,E9)
A10: メンター・投資家 | B10: =COUNTIF(人脈マスター!D:D,A10) | C10: =IFERROR(B10/SUM(B6:B12),0) | E10: 合計 | F10: =SUM(F6:F9)
A11: ダンス関係 | B11: =COUNTIF(人脈マスター!D:D,A11) | C11: =IFERROR(B11/SUM(B6:B12),0)
A12: その他 | B12: =COUNTIF(人脈マスター!D:D,A12) | C12: =IFERROR(B12/SUM(B6:B12),0)
A13: 合計 | B13: =SUM(B6:B12) | C13: =IFERROR(B13/B13,"-")
A15: ■ アクション管理（次のアクション一覧）
A16: 氏名 | B16: 関係分類 | C16: 関係温度 | D16: 次のアクション | E16: 期限 | F16: 重要度
A17: =IFERROR(人脈マスター!B4,"") | B17: =IFERROR(人脈マスター!D4,"") | C17: =IFERROR(人脈マスター!L4,"") | D17: =IFERROR(人脈マスター!Q4,"") | E17: =IFERROR(人脈マスター!R4,"") | F17: =IFERROR(人脈マスター!S4,"")
A18: =IFERROR(人脈マスター!B5,"") | B18: =IFERROR(人脈マスター!D5,"") | C18: =IFERROR(人脈マスター!L5,"") | D18: =IFERROR(人脈マスター!Q5,"") | E18: =IFERROR(人脈マスター!R5,"") | F18: =IFERROR(人脈マスター!S5,"")
A19: =IFERROR(人脈マスター!B6,"") | B19: =IFERROR(人脈マスター!D6,"") | C19: =IFERROR(人脈マスター!L6,"") | D19: =IFERROR(人脈マスター!Q6,"") | E19: =IFERROR(人脈マスター!R6,"") | F19: =IFERROR(人脈マスター!S6,"")
A20: =IFERROR(人脈マスター!B7,"") | B20: =IFERROR(人脈マスター!D7,"") | C20: =IFERROR(人脈マスター!L7,"") | D20: =IFERROR(人脈マスター!Q7,"") | E20: =IFERROR(人脈マスター!R7,"") | F20: =IFERROR(人脈マスター!S7,"")
A21: =IFERROR(人脈マスター!B8,"") | B21: =IFERROR(人脈マスター!D8,"") | C21: =IFERROR(人脈マスター!L8,"") | D21: =IFERROR(人脈マスター!Q8,"") | E21: =IFERROR(人脈マスター!R8,"") | F21: =IFERROR(人脈マスター!S8,"")
A22: =IFERROR(人脈マスター!B9,"") | B22: =IFERROR(人脈マスター!D9,"") | C22: =IFERROR(人脈マスター!L9,"") | D22: =IFERROR(人脈マスター!Q9,"") | E22: =IFERROR(人脈マスター!R9,"") | F22: =IFERROR(人脈マスター!S9,"")
A23: =IFERROR(人脈マスター!B10,"") | B23: =IFERROR(人脈マスター!D10,"") | C23: =IFERROR(人脈マスター!L10,"") | D23: =IFERROR(人脈マスター!Q10,"") | E23: =IFERROR(人脈マスター!R10,"") | F23: =IFERROR(人脈マスター!S10,"")
A24: =IFERROR(人脈マスター!B11,"") | B24: =IFERROR(人脈マスター!D11,"") | C24: =IFERROR(人脈マスター!L11,"") | D24: =IFERROR(人脈マスター!Q11,"") | E24: =IFERROR(人脈マスター!R11,"") | F24: =IFERROR(人脈マスター!S11,"")
A25: =IFERROR(人脈マスター!B12,"") | B25: =IFERROR(人脈マスター!D12,"") | C25: =IFERROR(人脈マスター!L12,"") | D25: =IFERROR(人脈マスター!Q12,"") | E25: =IFERROR(人脈マスター!R12,"") | F25: =IFERROR(人脈マスター!S12,"")
A26: =IFERROR(人脈マスター!B13,"") | B26: =IFERROR(人脈マスター!D13,"") | C26: =IFERROR(人脈マスター!L13,"") | D26: =IFERROR(人脈マスター!Q13,"") | E26: =IFERROR(人脈マスター!R13,"") | F26: =IFERROR(人脈マスター!S13,"")
